-- Limpar dados antigos
DELETE FROM menu_items;
DELETE FROM menu_categories;
DELETE FROM menus;

-- Inserir Cardápio Adega
INSERT INTO menus (id, name, description, is_active, created_at, updated_at) VALUES 
('adega-menu-1', 'Cardápio Adega', 'Cardápio padrão da Adega', 1, 1774049400000, 1774049400000);

-- Categorias Adega
INSERT INTO menu_categories (id, menu_id, name, `order`, created_at) VALUES 
('adega-cat-1', 'adega-menu-1', 'CERVEJA 350ML', 0, 1774049400000),
('adega-cat-2', 'adega-menu-1', 'CERVEJA 269', 1, 1774049400000),
('adega-cat-3', 'adega-menu-1', 'LONGNECK', 2, 1774049400000),
('adega-cat-4', 'adega-menu-1', 'IPA', 3, 1774049400000),
('adega-cat-5', 'adega-menu-1', 'DRINKS', 4, 1774049400000),
('adega-cat-6', 'adega-menu-1', 'ENERGÉTICOS', 5, 1774049400000),
('adega-cat-7', 'adega-menu-1', 'ÁGUA/SUCOS/ISOTÔNICOS', 6, 1774049400000),
('adega-cat-8', 'adega-menu-1', 'REFRIGERANTES', 7, 1774049400000),
('adega-cat-9', 'adega-menu-1', 'CACHAÇAS', 8, 1774049400000),
('adega-cat-10', 'adega-menu-1', 'SALGADINHOS', 9, 1774049400000),
('adega-cat-11', 'adega-menu-1', 'GELO', 10, 1774049400000),
('adega-cat-12', 'adega-menu-1', 'GARRAFAS', 11, 1774049400000),
('adega-cat-13', 'adega-menu-1', 'DOSES', 12, 1774049400000);

-- Itens Adega - CERVEJA 350ML
INSERT INTO menu_items (id, category_id, name, price, `order`, created_at) VALUES 
('adega-item-1', 'adega-cat-1', 'Itaipava', 350, 0, 1774049400000),
('adega-item-2', 'adega-cat-1', 'Skol', 400, 1, 1774049400000),
('adega-item-3', 'adega-cat-1', 'Amstel', 450, 2, 1774049400000),
('adega-item-4', 'adega-cat-1', 'Duplo Malte', 500, 3, 1774049400000),
('adega-item-5', 'adega-cat-1', 'Heineken', 600, 4, 1774049400000),
('adega-item-6', 'adega-cat-1', 'Budweiser ZERO', 600, 5, 1774049400000),
('adega-item-7', 'adega-cat-2', 'Império', 350, 0, 1774049400000),
('adega-item-8', 'adega-cat-2', 'Budweiser', 400, 1, 1774049400000),
('adega-item-9', 'adega-cat-2', 'Original', 450, 2, 1774049400000),
('adega-item-10', 'adega-cat-2', 'Spaten', 500, 3, 1774049400000),
('adega-item-11', 'adega-cat-2', 'Heineken', 550, 4, 1774049400000),
('adega-item-12', 'adega-cat-2', 'Heineken ZERO', 600, 5, 1774049400000),
('adega-item-13', 'adega-cat-3', 'Heineken long', 800, 0, 1774049400000),
('adega-item-14', 'adega-cat-4', 'Patagônia', 1000, 0, 1774049400000),
('adega-item-15', 'adega-cat-4', 'Baden', 1000, 1, 1774049400000),
('adega-item-16', 'adega-cat-5', 'Gin Flowers', 800, 0, 1774049400000),
('adega-item-17', 'adega-cat-5', 'Skol BEATS', 800, 1, 1774049400000),
('adega-item-18', 'adega-cat-5', '51 Ice', 900, 2, 1774049400000),
('adega-item-19', 'adega-cat-5', 'Smirnoff Ice', 1000, 3, 1774049400000),
('adega-item-20', 'adega-cat-5', 'Batida cx 400ml', 1000, 4, 1774049400000),
('adega-item-21', 'adega-cat-5', 'Xeque Mate', 1300, 5, 1774049400000),
('adega-item-22', 'adega-cat-6', 'Baly 2L', 1500, 0, 1774049400000),
('adega-item-23', 'adega-cat-6', 'Vibe 2L', 1200, 1, 1774049400000),
('adega-item-24', 'adega-cat-6', 'Baly lata', 1000, 2, 1774049400000),
('adega-item-25', 'adega-cat-6', 'Mister Hemp', 1000, 3, 1774049400000),
('adega-item-26', 'adega-cat-6', 'Redbull', 1200, 4, 1774049400000),
('adega-item-27', 'adega-cat-6', 'Monster', 1300, 5, 1774049400000),
('adega-item-28', 'adega-cat-7', 'Água', 300, 0, 1774049400000),
('adega-item-29', 'adega-cat-7', 'Natural One', 2500, 1, 1774049400000),
('adega-item-30', 'adega-cat-7', 'Del Valle lata', 700, 2, 1774049400000),
('adega-item-31', 'adega-cat-7', 'Del Valle 1L', 1200, 3, 1774049400000),
('adega-item-32', 'adega-cat-7', 'Power ADE', 800, 4, 1774049400000),
('adega-item-33', 'adega-cat-7', 'Guaraviton', 600, 5, 1774049400000),
('adega-item-34', 'adega-cat-8', 'Lata', 500, 0, 1774049400000),
('adega-item-35', 'adega-cat-8', 'Coca Cola 2L', 1400, 1, 1774049400000),
('adega-item-36', 'adega-cat-8', 'Guaraná 2L', 1200, 2, 1774049400000),
('adega-item-37', 'adega-cat-8', 'Fanta 2L', 1200, 3, 1774049400000),
('adega-item-38', 'adega-cat-8', 'Sprite 2L', 1200, 4, 1774049400000),
('adega-item-39', 'adega-cat-9', 'Corote', 500, 0, 1774049400000),
('adega-item-40', 'adega-cat-9', 'Kariri com Mel (copinho)', 500, 1, 1774049400000),
('adega-item-41', 'adega-cat-10', 'Torcida', 500, 0, 1774049400000),
('adega-item-42', 'adega-cat-10', 'Fofura', 500, 1, 1774049400000),
('adega-item-43', 'adega-cat-10', 'Amendoim', 400, 2, 1774049400000),
('adega-item-44', 'adega-cat-11', 'Sabor', 400, 0, 1774049400000),
('adega-item-45', 'adega-cat-11', 'Saco 5kg', 1000, 1, 1774049400000),
('adega-item-46', 'adega-cat-12', 'Cabaré', 3500, 0, 1774049400000),
('adega-item-47', 'adega-cat-12', 'São João', 2000, 1, 1774049400000),
('adega-item-48', 'adega-cat-12', 'Chanceler', 3500, 2, 1774049400000),
('adega-item-49', 'adega-cat-12', 'White Horse', 9000, 3, 1774049400000),
('adega-item-50', 'adega-cat-12', 'Jim Beam', 10000, 4, 1774049400000),
('adega-item-51', 'adega-cat-12', 'Jack Daniels', 15000, 5, 1774049400000),
('adega-item-52', 'adega-cat-12', 'Grey Goose', 15000, 6, 1774049400000),
('adega-item-53', 'adega-cat-12', 'Smirnoff', 4500, 7, 1774049400000),
('adega-item-54', 'adega-cat-12', 'Eternity', 3000, 8, 1774049400000),
('adega-item-55', 'adega-cat-12', 'Tangerina', 2000, 9, 1774049400000),
('adega-item-56', 'adega-cat-13', 'ETERNITY', 1200, 0, 1774049400000),
('adega-item-57', 'adega-cat-13', 'ETERNITY REDBULL', 2000, 1, 1774049400000),
('adega-item-58', 'adega-cat-13', 'BEEFEATHER REDBULL', 3500, 2, 1774049400000),
('adega-item-59', 'adega-cat-13', 'SMIRNOFF BALY / SUCO', 2500, 3, 1774049400000),
('adega-item-60', 'adega-cat-13', 'SMIRNOFF REDBULL', 3000, 4, 1774049400000),
('adega-item-61', 'adega-cat-13', 'CHANCELER', 1200, 5, 1774049400000),
('adega-item-62', 'adega-cat-13', 'WHITER HORSE BALY', 2500, 6, 1774049400000),
('adega-item-63', 'adega-cat-13', 'WHITER HORSE REDBULL', 3000, 7, 1774049400000),
('adega-item-64', 'adega-cat-13', 'JIM BEAM BALY', 3500, 8, 1774049400000),
('adega-item-65', 'adega-cat-13', 'JIM BEAM REDBULL', 4000, 9, 1774049400000),
('adega-item-66', 'adega-cat-13', 'JACK DANIELS REDBULL', 4500, 10, 1774049400000);

-- Inserir Cardápio After
INSERT INTO menus (id, name, description, is_active, created_at, updated_at) VALUES 
('after-menu-1', 'Cardápio After', 'Cardápio After Hours', 0, 1774049400000, 1774049400000);

-- Categorias After
INSERT INTO menu_categories (id, menu_id, name, `order`, created_at) VALUES 
('after-cat-1', 'after-menu-1', 'CERVEJA 350ML', 0, 1774049400000),
('after-cat-2', 'after-menu-1', 'CERVEJA 269', 1, 1774049400000),
('after-cat-3', 'after-menu-1', 'LONGNECK', 2, 1774049400000),
('after-cat-4', 'after-menu-1', 'IPA', 3, 1774049400000),
('after-cat-5', 'after-menu-1', 'DRINKS', 4, 1774049400000),
('after-cat-6', 'after-menu-1', 'ENERGÉTICOS', 5, 1774049400000),
('after-cat-7', 'after-menu-1', 'ÁGUA/SUCOS/ISOTÔNICOS', 6, 1774049400000),
('after-cat-8', 'after-menu-1', 'REFRIGERANTES', 7, 1774049400000),
('after-cat-9', 'after-menu-1', 'CACHAÇAS', 8, 1774049400000),
('after-cat-10', 'after-menu-1', 'SALGADINHOS', 9, 1774049400000),
('after-cat-11', 'after-menu-1', 'GELO', 10, 1774049400000),
('after-cat-12', 'after-menu-1', 'GARRAFAS', 11, 1774049400000),
('after-cat-13', 'after-menu-1', 'DOSES', 12, 1774049400000);

-- Itens After (mesmos itens do Adega)
INSERT INTO menu_items (id, category_id, name, price, `order`, created_at) VALUES 
('after-item-1', 'after-cat-1', 'Itaipava', 350, 0, 1774049400000),
('after-item-2', 'after-cat-1', 'Skol', 400, 1, 1774049400000),
('after-item-3', 'after-cat-1', 'Amstel', 450, 2, 1774049400000),
('after-item-4', 'after-cat-1', 'Duplo Malte', 500, 3, 1774049400000),
('after-item-5', 'after-cat-1', 'Heineken', 600, 4, 1774049400000),
('after-item-6', 'after-cat-1', 'Budweiser ZERO', 600, 5, 1774049400000),
('after-item-7', 'after-cat-2', 'Império', 350, 0, 1774049400000),
('after-item-8', 'after-cat-2', 'Budweiser', 400, 1, 1774049400000),
('after-item-9', 'after-cat-2', 'Original', 450, 2, 1774049400000),
('after-item-10', 'after-cat-2', 'Spaten', 500, 3, 1774049400000),
('after-item-11', 'after-cat-2', 'Heineken', 550, 4, 1774049400000),
('after-item-12', 'after-cat-2', 'Heineken ZERO', 600, 5, 1774049400000),
('after-item-13', 'after-cat-3', 'Heineken long', 800, 0, 1774049400000),
('after-item-14', 'after-cat-4', 'Patagônia', 1000, 0, 1774049400000),
('after-item-15', 'after-cat-4', 'Baden', 1000, 1, 1774049400000),
('after-item-16', 'after-cat-5', 'Gin Flowers', 800, 0, 1774049400000),
('after-item-17', 'after-cat-5', 'Skol BEATS', 800, 1, 1774049400000),
('after-item-18', 'after-cat-5', '51 Ice', 900, 2, 1774049400000),
('after-item-19', 'after-cat-5', 'Smirnoff Ice', 1000, 3, 1774049400000),
('after-item-20', 'after-cat-5', 'Batida cx 400ml', 1000, 4, 1774049400000),
('after-item-21', 'after-cat-5', 'Xeque Mate', 1300, 5, 1774049400000),
('after-item-22', 'after-cat-6', 'Baly 2L', 1500, 0, 1774049400000),
('after-item-23', 'after-cat-6', 'Vibe 2L', 1200, 1, 1774049400000),
('after-item-24', 'after-cat-6', 'Baly lata', 1000, 2, 1774049400000),
('after-item-25', 'after-cat-6', 'Mister Hemp', 1000, 3, 1774049400000),
('after-item-26', 'after-cat-6', 'Redbull', 1200, 4, 1774049400000),
('after-item-27', 'after-cat-6', 'Monster', 1300, 5, 1774049400000),
('after-item-28', 'after-cat-7', 'Água', 300, 0, 1774049400000),
('after-item-29', 'after-cat-7', 'Natural One', 2500, 1, 1774049400000),
('after-item-30', 'after-cat-7', 'Del Valle lata', 700, 2, 1774049400000),
('after-item-31', 'after-cat-7', 'Del Valle 1L', 1200, 3, 1774049400000),
('after-item-32', 'after-cat-7', 'Power ADE', 800, 4, 1774049400000),
('after-item-33', 'after-cat-7', 'Guaraviton', 600, 5, 1774049400000),
('after-item-34', 'after-cat-8', 'Lata', 500, 0, 1774049400000),
('after-item-35', 'after-cat-8', 'Coca Cola 2L', 1400, 1, 1774049400000),
('after-item-36', 'after-cat-8', 'Guaraná 2L', 1200, 2, 1774049400000),
('after-item-37', 'after-cat-8', 'Fanta 2L', 1200, 3, 1774049400000),
('after-item-38', 'after-cat-8', 'Sprite 2L', 1200, 4, 1774049400000),
('after-item-39', 'after-cat-9', 'Corote', 500, 0, 1774049400000),
('after-item-40', 'after-cat-9', 'Kariri com Mel (copinho)', 500, 1, 1774049400000),
('after-item-41', 'after-cat-10', 'Torcida', 500, 0, 1774049400000),
('after-item-42', 'after-cat-10', 'Fofura', 500, 1, 1774049400000),
('after-item-43', 'after-cat-10', 'Amendoim', 400, 2, 1774049400000),
('after-item-44', 'after-cat-11', 'Sabor', 400, 0, 1774049400000),
('after-item-45', 'after-cat-11', 'Saco 5kg', 1000, 1, 1774049400000),
('after-item-46', 'after-cat-12', 'Cabaré', 3500, 0, 1774049400000),
('after-item-47', 'after-cat-12', 'São João', 2000, 1, 1774049400000),
('after-item-48', 'after-cat-12', 'Chanceler', 3500, 2, 1774049400000),
('after-item-49', 'after-cat-12', 'White Horse', 9000, 3, 1774049400000),
('after-item-50', 'after-cat-12', 'Jim Beam', 10000, 4, 1774049400000),
('after-item-51', 'after-cat-12', 'Jack Daniels', 15000, 5, 1774049400000),
('after-item-52', 'after-cat-12', 'Grey Goose', 15000, 6, 1774049400000),
('after-item-53', 'after-cat-12', 'Smirnoff', 4500, 7, 1774049400000),
('after-item-54', 'after-cat-12', 'Eternity', 3000, 8, 1774049400000),
('after-item-55', 'after-cat-12', 'Tangerina', 2000, 9, 1774049400000),
('after-item-56', 'after-cat-13', 'ETERNITY', 1200, 0, 1774049400000),
('after-item-57', 'after-cat-13', 'ETERNITY REDBULL', 2000, 1, 1774049400000),
('after-item-58', 'after-cat-13', 'BEEFEATHER REDBULL', 3500, 2, 1774049400000),
('after-item-59', 'after-cat-13', 'SMIRNOFF BALY / SUCO', 2500, 3, 1774049400000),
('after-item-60', 'after-cat-13', 'SMIRNOFF REDBULL', 3000, 4, 1774049400000),
('after-item-61', 'after-cat-13', 'CHANCELER', 1200, 5, 1774049400000),
('after-item-62', 'after-cat-13', 'WHITER HORSE BALY', 2500, 6, 1774049400000),
('after-item-63', 'after-cat-13', 'WHITER HORSE REDBULL', 3000, 7, 1774049400000),
('after-item-64', 'after-cat-13', 'JIM BEAM BALY', 3500, 8, 1774049400000),
('after-item-65', 'after-cat-13', 'JIM BEAM REDBULL', 4000, 9, 1774049400000),
('after-item-66', 'after-cat-13', 'JACK DANIELS REDBULL', 4500, 10, 1774049400000);
